{"loss": 0.25610506534576416, "accuracy": 0.9065999984741211}