{"loss": 0.349931001663208, "accuracy": 0.887499988079071}