{"loss": 0.2382957488298416, "accuracy": 0.9143999814987183}