{"loss": 0.26263031363487244, "accuracy": 0.9059000015258789}