epoch,loss,accuracy
1,0.5074073076248169,0.8192499876022339
2,0.3685553967952728,0.8661333322525024
3,0.33608752489089966,0.8769000172615051
4,0.3121746778488159,0.8829500079154968
5,0.2972375750541687,0.8882833123207092
6,0.28530043363571167,0.8928666710853577
7,0.27217891812324524,0.8966833353042603
8,0.26871827244758606,0.8975833058357239
9,0.2571454346179962,0.9026833176612854
10,0.25342199206352234,0.9040833115577698
