epoch,loss,accuracy
1,0.6482856273651123,0.7770833373069763
2,0.43012693524360657,0.8513166904449463
3,0.3784155249595642,0.8690500259399414
4,0.34609493613243103,0.8795499801635742
5,0.3260554075241089,0.8855166435241699
6,0.30772843956947327,0.8909833431243896
7,0.293565958738327,0.8963000178337097
8,0.28481748700141907,0.8995833396911621
9,0.2725515365600586,0.9019166827201843
10,0.2624329626560211,0.9049500226974487
