epoch,loss,accuracy
1,0.599269688129425,0.7917166948318481
2,0.39552533626556396,0.8639833331108093
3,0.346027672290802,0.878766655921936
4,0.3153260350227356,0.8887500166893005
5,0.2957972586154938,0.8955166935920715
6,0.27716007828712463,0.901199996471405
7,0.2630980908870697,0.9048166871070862
8,0.2537122964859009,0.9085999727249146
9,0.2423618882894516,0.9123333096504211
10,0.23108424246311188,0.9163333177566528
