step	accuracy
0	0.7917166948318481
1	0.8639833331108093
2	0.878766655921936
3	0.8887500166893005
4	0.8955166935920715
5	0.901199996471405
6	0.9048166871070862
7	0.9085999727249146
8	0.9123333096504211
9	0.9163333177566528
