step	accuracy
0	0.8062333464622498
1	0.8738999962806702
2	0.8892833590507507
3	0.8975333571434021
4	0.902483344078064
5	0.9087666869163513
6	0.9140833616256714
7	0.9171833395957947
8	0.9212666749954224
9	0.9259999990463257
