step	accuracy
0	0.8192499876022339
1	0.8661333322525024
2	0.8769000172615051
3	0.8829500079154968
4	0.8882833123207092
5	0.8928666710853577
6	0.8966833353042603
7	0.8975833058357239
8	0.9026833176612854
9	0.9040833115577698
